[
{
  "model": "auth.user",
  "pk": 1,
  "fields": {
    "password": "pbkdf2_sha256$600000$7vggDCWy6G1z8JCuznMNxl$473xbNzUjRMTYsssJZ1ktJ6cTU5Y00q/GsliU6Z8h1Y=",
    "last_login": "2026-01-03T14:53:48.737Z",
    "is_superuser": true,
    "username": "admin",
    "first_name": "九",
    "last_name": "十",
    "email": "483496381@qq.com",
    "is_staff": true,
    "is_active": true,
    "date_joined": "2025-10-23T08:47:15.865Z",
    "groups": [],
    "user_permissions": []
  }
},
{
  "model": "auth.user",
  "pk": 2,
  "fields": {
    "password": "pbkdf2_sha256$600000$goHGAZ7C0H2UNltw405bfN$sby/z9ZUu4ZOPyq3o8FgzFfieD0fmzyp9bg3WFlbTqU=",
    "last_login": null,
    "is_superuser": true,
    "username": "root",
    "first_name": "",
    "last_name": "",
    "email": "",
    "is_staff": true,
    "is_active": true,
    "date_joined": "2025-10-23T09:05:14.580Z",
    "groups": [],
    "user_permissions": []
  }
},
{
  "model": "auth.user",
  "pk": 8,
  "fields": {
    "password": "pbkdf2_sha256$600000$HkjUKRDm9YdTLIvmWOYr9t$xUSl4Ki2MCe5zNX4VMCrLISGJBVl0NsxHdNQVrOMIVk=",
    "last_login": null,
    "is_superuser": true,
    "username": "123",
    "first_name": "",
    "last_name": "",
    "email": "",
    "is_staff": true,
    "is_active": true,
    "date_joined": "2025-10-24T03:42:21.344Z",
    "groups": [],
    "user_permissions": []
  }
},
{
  "model": "auth.user",
  "pk": 9,
  "fields": {
    "password": "pbkdf2_sha256$600000$ExnxYd5NvPC8bkxxbvdj63$4O2T0OUffOFd1NjuCf3oIsWq+aFDIWHasTEUwmpmjP4=",
    "last_login": null,
    "is_superuser": false,
    "username": "0001",
    "first_name": "",
    "last_name": "",
    "email": "483496381@qq.com",
    "is_staff": false,
    "is_active": true,
    "date_joined": "2025-10-24T14:37:15.268Z",
    "groups": [],
    "user_permissions": []
  }
},
{
  "model": "auth.user",
  "pk": 10,
  "fields": {
    "password": "pbkdf2_sha256$600000$7tIq7SEKh53L7IRkEH1Jdh$lHUSYdjLe5Q2+hBUwpOv0UzFhzA3rMkp6fVx8TiZV8k=",
    "last_login": null,
    "is_superuser": false,
    "username": "小李",
    "first_name": "",
    "last_name": "",
    "email": "",
    "is_staff": false,
    "is_active": true,
    "date_joined": "2025-10-29T09:34:11.424Z",
    "groups": [],
    "user_permissions": []
  }
},
{
  "model": "auth.user",
  "pk": 11,
  "fields": {
    "password": "pbkdf2_sha256$600000$lyv4Xmgx5MrmgZ9zY9mzTm$9F9CUCJSi54F3X+e5Ulk/FxqejSWbqgCjr4l52CHF04=",
    "last_login": "2025-10-29T11:37:04.265Z",
    "is_superuser": false,
    "username": "陈丽",
    "first_name": "留",
    "last_name": "光",
    "email": "124545151@qq.com",
    "is_staff": false,
    "is_active": true,
    "date_joined": "2025-10-29T10:16:44.207Z",
    "groups": [],
    "user_permissions": []
  }
},
{
  "model": "auth.user",
  "pk": 12,
  "fields": {
    "password": "pbkdf2_sha256$600000$EWxkeKJq9RqPhNGtrtWSLt$IelULivxZmYByr1E7ZITAqlHl8WXyFZp4mx/KNWovmw=",
    "last_login": null,
    "is_superuser": false,
    "username": "employee001",
    "first_name": "",
    "last_name": "",
    "email": "employee001@example.com",
    "is_staff": false,
    "is_active": true,
    "date_joined": "2025-10-29T11:40:47.058Z",
    "groups": [],
    "user_permissions": []
  }
},
{
  "model": "auth.user",
  "pk": 13,
  "fields": {
    "password": "pbkdf2_sha256$600000$ldQf3LeCrxIq1RJwKaQfn2$cKXAQVFKpRa2ARB/cEEdnPTTuwg81oqwlI5wvsrmgzY=",
    "last_login": null,
    "is_superuser": false,
    "username": "employee_test",
    "first_name": "测试",
    "last_name": "员工",
    "email": "employee_test@test.com",
    "is_staff": false,
    "is_active": true,
    "date_joined": "2025-10-29T12:20:38.191Z",
    "groups": [],
    "user_permissions": []
  }
},
{
  "model": "hr_management.department",
  "pk": 1,
  "fields": {
    "name": "开发部",
    "description": "负责技术开发工作",
    "icon": "",
    "parent": null,
    "manager": null,
    "created_at": "2025-10-24T02:32:01.142Z",
    "updated_at": "2026-01-17T04:52:08.112Z",
    "supervisors": []
  }
},
{
  "model": "hr_management.department",
  "pk": 2,
  "fields": {
    "name": "产品部门",
    "description": "负责产品部分",
    "icon": "",
    "parent": null,
    "manager": null,
    "created_at": "2025-10-28T03:06:46.396Z",
    "updated_at": "2025-10-28T03:07:00.002Z",
    "supervisors": []
  }
},
{
  "model": "hr_management.department",
  "pk": 3,
  "fields": {
    "name": "董事长办公室",
    "description": "董事长以及ceo等",
    "icon": "",
    "parent": null,
    "manager": null,
    "created_at": "2025-10-29T10:15:57.470Z",
    "updated_at": "2025-10-29T10:15:57.470Z",
    "supervisors": []
  }
},
{
  "model": "hr_management.department",
  "pk": 4,
  "fields": {
    "name": "IT部",
    "description": "信息技术部门",
    "icon": "",
    "parent": null,
    "manager": null,
    "created_at": "2025-10-31T16:00:35.528Z",
    "updated_at": "2025-10-31T16:00:35.528Z",
    "supervisors": []
  }
},
{
  "model": "hr_management.department",
  "pk": 5,
  "fields": {
    "name": "销售部门",
    "description": "负责销售部分",
    "icon": "",
    "parent": null,
    "manager": null,
    "created_at": "2026-01-12T03:24:51.378Z",
    "updated_at": "2026-01-12T03:24:51.378Z",
    "supervisors": []
  }
},
{
  "model": "hr_management.department",
  "pk": 8,
  "fields": {
    "name": "设计部",
    "description": "设计产品",
    "icon": "",
    "parent": 2,
    "manager": null,
    "created_at": "2026-01-17T04:43:32.343Z",
    "updated_at": "2026-01-17T04:45:39.747Z",
    "supervisors": []
  }
},
{
  "model": "hr_management.department",
  "pk": 12,
  "fields": {
    "name": "评估部",
    "description": "评估产品",
    "icon": "",
    "parent": 2,
    "manager": null,
    "created_at": "2026-01-17T04:51:51.186Z",
    "updated_at": "2026-01-17T04:51:51.191Z",
    "supervisors": []
  }
},
{
  "model": "hr_management.department",
  "pk": 13,
  "fields": {
    "name": "前端部",
    "description": "前端开发",
    "icon": "",
    "parent": 1,
    "manager": null,
    "created_at": "2026-01-17T04:52:28.350Z",
    "updated_at": "2026-01-17T04:52:28.350Z",
    "supervisors": []
  }
},
{
  "model": "hr_management.department",
  "pk": 15,
  "fields": {
    "name": "后端部",
    "description": "后端开发",
    "icon": "",
    "parent": 1,
    "manager": null,
    "created_at": "2026-01-17T04:53:01.389Z",
    "updated_at": "2026-01-17T04:53:01.389Z",
    "supervisors": []
  }
},
{
  "model": "hr_management.department",
  "pk": 16,
  "fields": {
    "name": "系统部",
    "description": "管理系统",
    "icon": "",
    "parent": 4,
    "manager": null,
    "created_at": "2026-01-17T04:53:26.604Z",
    "updated_at": "2026-01-17T04:53:26.604Z",
    "supervisors": []
  }
},
{
  "model": "hr_management.department",
  "pk": 18,
  "fields": {
    "name": "运维部",
    "description": "运维",
    "icon": "",
    "parent": 4,
    "manager": null,
    "created_at": "2026-01-17T04:54:13.375Z",
    "updated_at": "2026-01-17T04:54:13.375Z",
    "supervisors": []
  }
},
{
  "model": "hr_management.department",
  "pk": 19,
  "fields": {
    "name": "北区销售",
    "description": "",
    "icon": "",
    "parent": 5,
    "manager": null,
    "created_at": "2026-01-17T04:54:40.113Z",
    "updated_at": "2026-01-17T04:54:40.113Z",
    "supervisors": []
  }
},
{
  "model": "hr_management.department",
  "pk": 20,
  "fields": {
    "name": "南区销售",
    "description": "",
    "icon": "",
    "parent": 5,
    "manager": null,
    "created_at": "2026-01-17T04:54:49.391Z",
    "updated_at": "2026-01-17T04:54:49.391Z",
    "supervisors": []
  }
},
{
  "model": "hr_management.department",
  "pk": 21,
  "fields": {
    "name": "东区销售",
    "description": "",
    "icon": "",
    "parent": 5,
    "manager": null,
    "created_at": "2026-01-17T04:54:58.143Z",
    "updated_at": "2026-01-17T04:54:58.143Z",
    "supervisors": []
  }
},
{
  "model": "hr_management.department",
  "pk": 22,
  "fields": {
    "name": "西区销售",
    "description": "",
    "icon": "",
    "parent": 5,
    "manager": null,
    "created_at": "2026-01-17T04:55:16.878Z",
    "updated_at": "2026-01-17T04:55:16.878Z",
    "supervisors": []
  }
},
{
  "model": "hr_management.department",
  "pk": 23,
  "fields": {
    "name": "技术部",
    "description": "技术支持",
    "icon": "",
    "parent": 4,
    "manager": null,
    "created_at": "2026-01-17T04:56:59.599Z",
    "updated_at": "2026-01-17T04:56:59.600Z",
    "supervisors": []
  }
},
{
  "model": "hr_management.position",
  "pk": 1,
  "fields": {
    "name": "软件工程师",
    "department": 1,
    "description": "负责软件开发",
    "salary_range_min": "8000.00",
    "salary_range_max": "15000.00",
    "requirements": "",
    "created_at": "2025-10-24T02:32:01.152Z",
    "updated_at": "2025-10-28T03:05:52.505Z"
  }
},
{
  "model": "hr_management.position",
  "pk": 2,
  "fields": {
    "name": "产品经理",
    "department": 2,
    "description": "负责公司产品部分",
    "salary_range_min": null,
    "salary_range_max": null,
    "requirements": "",
    "created_at": "2025-10-28T03:06:33.183Z",
    "updated_at": "2025-10-28T03:07:05.394Z"
  }
},
{
  "model": "hr_management.position",
  "pk": 3,
  "fields": {
    "name": "董事长",
    "department": 3,
    "description": "",
    "salary_range_min": null,
    "salary_range_max": null,
    "requirements": "",
    "created_at": "2025-10-29T10:18:37.757Z",
    "updated_at": "2025-10-29T10:18:37.757Z"
  }
},
{
  "model": "hr_management.position",
  "pk": 4,
  "fields": {
    "name": "系统管理员",
    "department": 4,
    "description": "系统管理员职位",
    "salary_range_min": null,
    "salary_range_max": null,
    "requirements": "",
    "created_at": "2025-10-31T16:01:04.010Z",
    "updated_at": "2025-10-31T16:01:04.010Z"
  }
},
{
  "model": "hr_management.employee",
  "pk": 2,
  "fields": {
    "user": 9,
    "employee_id": "0001",
    "name": "伍四",
    "gender": "M",
    "birth_date": "2002-12-17",
    "phone": "13800138000",
    "email": "483496381@qq.com",
    "address": "四川内江",
    "id_card": "511524200212175511",
    "marital_status": "single",
    "emergency_contact": "伍五",
    "emergency_phone": "13900139000",
    "department": 1,
    "position": 1,
    "hire_date": "2025-07-21",
    "salary": "8000.00",
    "is_active": true,
    "avatar": "avatars/微信图片_20251024110813.jpg",
    "resume": "",
    "contract": "",
    "id_card_copy": "",
    "must_change_password": false,
    "created_at": "2025-10-24T14:37:15.488Z",
    "updated_at": "2025-10-24T14:38:40.545Z",
    "checkin_locations": []
  }
},
{
  "model": "hr_management.employee",
  "pk": 3,
  "fields": {
    "user": 10,
    "employee_id": "0002",
    "name": "小李",
    "gender": "M",
    "birth_date": "1999-07-30",
    "phone": "18111472007",
    "email": "1245451651@qq.com",
    "address": "小李",
    "id_card": "511521200212175511",
    "marital_status": "single",
    "emergency_contact": "lili",
    "emergency_phone": "18112321231",
    "department": 2,
    "position": 2,
    "hire_date": "2025-04-03",
    "salary": "10000.00",
    "is_active": true,
    "avatar": "",
    "resume": "",
    "contract": "",
    "id_card_copy": "",
    "must_change_password": false,
    "created_at": "2025-10-29T10:07:43.031Z",
    "updated_at": "2025-10-29T10:07:43.031Z",
    "checkin_locations": []
  }
},
{
  "model": "hr_management.employee",
  "pk": 5,
  "fields": {
    "user": 11,
    "employee_id": "0003",
    "name": "陈丽",
    "gender": "F",
    "birth_date": null,
    "phone": "",
    "email": "",
    "address": "",
    "id_card": "",
    "marital_status": "single",
    "emergency_contact": "",
    "emergency_phone": "",
    "department": 3,
    "position": 3,
    "hire_date": null,
    "salary": "10000.00",
    "is_active": true,
    "avatar": "",
    "resume": "",
    "contract": "",
    "id_card_copy": "",
    "must_change_password": false,
    "created_at": "2025-10-29T11:32:13.522Z",
    "updated_at": "2026-01-17T06:36:59.575Z",
    "checkin_locations": []
  }
},
{
  "model": "hr_management.employee",
  "pk": 6,
  "fields": {
    "user": 12,
    "employee_id": "EMP001",
    "name": "张三",
    "gender": "M",
    "birth_date": "1990-01-01",
    "phone": "13800138000",
    "email": "employee001@example.com",
    "address": "北京市朝阳区",
    "id_card": "110101199001011234",
    "marital_status": "single",
    "emergency_contact": "李四",
    "emergency_phone": "13900139000",
    "department": 1,
    "position": 1,
    "hire_date": "2023-01-01",
    "salary": "12000.00",
    "is_active": true,
    "avatar": "",
    "resume": "",
    "contract": "",
    "id_card_copy": "",
    "must_change_password": false,
    "created_at": "2025-10-29T11:40:47.263Z",
    "updated_at": "2025-10-29T11:40:47.263Z",
    "checkin_locations": []
  }
},
{
  "model": "hr_management.employee",
  "pk": 7,
  "fields": {
    "user": 13,
    "employee_id": "EMP0013",
    "name": "员工测试",
    "gender": "M",
    "birth_date": null,
    "phone": "13900000002",
    "email": "employee_test@test.com",
    "address": "",
    "id_card": "",
    "marital_status": "single",
    "emergency_contact": "",
    "emergency_phone": "",
    "department": 2,
    "position": 2,
    "hire_date": "2024-01-01",
    "salary": "13000.00",
    "is_active": true,
    "avatar": "",
    "resume": "",
    "contract": "",
    "id_card_copy": "",
    "must_change_password": false,
    "created_at": "2025-10-29T12:20:38.444Z",
    "updated_at": "2026-01-04T07:26:48.652Z",
    "checkin_locations": []
  }
},
{
  "model": "hr_management.employee",
  "pk": 8,
  "fields": {
    "user": 1,
    "employee_id": "EMP002",
    "name": "管理员",
    "gender": "M",
    "birth_date": "1990-01-01",
    "phone": "13800138000",
    "email": "admin@example.com",
    "address": "北京市朝阳区",
    "id_card": "",
    "marital_status": "single",
    "emergency_contact": "",
    "emergency_phone": "",
    "department": 4,
    "position": 4,
    "hire_date": null,
    "salary": "30000.00",
    "is_active": true,
    "avatar": "",
    "resume": "",
    "contract": "",
    "id_card_copy": "",
    "must_change_password": false,
    "created_at": "2025-10-31T16:01:19.028Z",
    "updated_at": "2026-01-04T07:26:59.120Z",
    "checkin_locations": []
  }
},
{
  "model": "hr_management.attendance",
  "pk": 5,
  "fields": {
    "employee": 8,
    "date": "2025-11-30",
    "check_in_time": "18:47:47.655",
    "check_out_time": "21:08:13.670",
    "attendance_type": "check_out",
    "notes": "",
    "created_at": "2025-11-30T10:47:47.656Z"
  }
},
{
  "model": "hr_management.attendance",
  "pk": 6,
  "fields": {
    "employee": 8,
    "date": "2025-12-02",
    "check_in_time": "20:22:05.165",
    "check_out_time": "22:21:47.817",
    "attendance_type": "check_out",
    "notes": "",
    "created_at": "2025-12-02T12:22:05.165Z"
  }
},
{
  "model": "hr_management.attendance",
  "pk": 7,
  "fields": {
    "employee": 8,
    "date": "2025-12-06",
    "check_in_time": "16:52:54.152",
    "check_out_time": "19:15:59.709",
    "attendance_type": "check_out",
    "notes": "",
    "created_at": "2025-12-06T08:52:54.152Z"
  }
},
{
  "model": "hr_management.attendance",
  "pk": 8,
  "fields": {
    "employee": 8,
    "date": "2025-12-07",
    "check_in_time": "15:40:08.188",
    "check_out_time": "17:55:04.792",
    "attendance_type": "check_out",
    "notes": "",
    "created_at": "2025-12-07T07:40:08.190Z"
  }
},
{
  "model": "hr_management.attendance",
  "pk": 9,
  "fields": {
    "employee": 8,
    "date": "2025-12-13",
    "check_in_time": "15:27:15.172",
    "check_out_time": "23:30:55.797",
    "attendance_type": "check_out",
    "notes": "",
    "created_at": "2025-12-13T07:27:15.173Z"
  }
},
{
  "model": "hr_management.attendance",
  "pk": 10,
  "fields": {
    "employee": 8,
    "date": "2025-12-14",
    "check_in_time": "09:37:36.682",
    "check_out_time": "23:03:22.238",
    "attendance_type": "check_out",
    "notes": "",
    "created_at": "2025-12-14T01:37:36.693Z"
  }
},
{
  "model": "hr_management.attendance",
  "pk": 11,
  "fields": {
    "employee": 8,
    "date": "2025-12-16",
    "check_in_time": "20:17:42.729",
    "check_out_time": "22:18:43.714",
    "attendance_type": "check_out",
    "notes": "",
    "created_at": "2025-12-16T12:17:42.731Z"
  }
},
{
  "model": "hr_management.attendance",
  "pk": 12,
  "fields": {
    "employee": 8,
    "date": "2025-12-18",
    "check_in_time": "21:21:08.692",
    "check_out_time": "21:53:07.789",
    "attendance_type": "check_out",
    "notes": "",
    "created_at": "2025-12-18T13:21:08.693Z"
  }
},
{
  "model": "hr_management.attendance",
  "pk": 13,
  "fields": {
    "employee": 8,
    "date": "2025-12-30",
    "check_in_time": "14:57:20.700",
    "check_out_time": "16:07:09.095",
    "attendance_type": "check_out",
    "notes": "",
    "created_at": "2025-12-30T06:57:20.700Z"
  }
},
{
  "model": "hr_management.attendance",
  "pk": 14,
  "fields": {
    "employee": 8,
    "date": "2026-01-03",
    "check_in_time": "21:56:34.300",
    "check_out_time": "23:29:54.768",
    "attendance_type": "check_out",
    "notes": "",
    "created_at": "2026-01-03T13:56:34.301Z"
  }
},
{
  "model": "hr_management.attendance",
  "pk": 15,
  "fields": {
    "employee": 8,
    "date": "2026-01-04",
    "check_in_time": "14:06:13.552",
    "check_out_time": "16:12:59.522",
    "attendance_type": "check_out",
    "notes": "",
    "created_at": "2026-01-04T06:06:13.552Z"
  }
},
{
  "model": "hr_management.attendance",
  "pk": 16,
  "fields": {
    "employee": 8,
    "date": "2026-01-12",
    "check_in_time": "10:32:55.310",
    "check_out_time": "14:33:36.829",
    "attendance_type": "check_out",
    "notes": "",
    "created_at": "2026-01-12T02:32:55.312Z"
  }
},
{
  "model": "hr_management.attendance",
  "pk": 17,
  "fields": {
    "employee": 8,
    "date": "2026-01-16",
    "check_in_time": "17:06:20.355",
    "check_out_time": "18:22:16.546",
    "attendance_type": "late",
    "notes": "1",
    "created_at": "2026-01-16T09:06:20.356Z"
  }
},
{
  "model": "hr_management.attendance",
  "pk": 18,
  "fields": {
    "employee": 8,
    "date": "2026-01-17",
    "check_in_time": "00:40:56.469",
    "check_out_time": "23:14:33.057",
    "attendance_type": "check_out",
    "notes": "",
    "created_at": "2026-01-16T16:40:56.477Z"
  }
},
{
  "model": "hr_management.attendance",
  "pk": 19,
  "fields": {
    "employee": 8,
    "date": "2026-01-18",
    "check_in_time": "00:21:36.273",
    "check_out_time": "20:19:14.002",
    "attendance_type": "check_out",
    "notes": "",
    "created_at": "2026-01-17T16:21:36.274Z"
  }
},
{
  "model": "hr_management.attendancesupplement",
  "pk": 1,
  "fields": {
    "employee": 8,
    "date": "2026-01-16",
    "time": "08:56:00",
    "supplement_type": "check_in",
    "reason": "补签，忘记签到了",
    "status": "pending",
    "approved_by": null,
    "approved_at": null,
    "comments": "",
    "created_at": "2026-01-16T18:59:32.143Z"
  }
},
{
  "model": "hr_management.leaverequest",
  "pk": 1,
  "fields": {
    "employee": 8,
    "leave_type": "sick",
    "start_date": "2025-11-02",
    "end_date": "2025-11-03",
    "days": 2,
    "reason": "身体不适，需要休息治疗",
    "status": "rejected",
    "approved_by": 1,
    "approved_at": "2025-11-30T11:05:48.911Z",
    "comments": "",
    "attachment": "",
    "created_at": "2025-10-31T16:01:19.046Z",
    "resignation_manager_status": "pending",
    "resignation_hr_status": "pending",
    "resignation_manager_comment": "",
    "resignation_hr_comment": "",
    "resignation_manager_by": null,
    "resignation_hr_by": null,
    "resignation_manager_at": null,
    "resignation_hr_at": null
  }
},
{
  "model": "hr_management.leaverequest",
  "pk": 2,
  "fields": {
    "employee": 8,
    "leave_type": "personal",
    "start_date": "2025-10-27",
    "end_date": "2025-10-29",
    "days": 3,
    "reason": "个人私事处理",
    "status": "approved",
    "approved_by": null,
    "approved_at": null,
    "comments": "",
    "attachment": "",
    "created_at": "2025-10-31T16:01:19.049Z",
    "resignation_manager_status": "pending",
    "resignation_hr_status": "pending",
    "resignation_manager_comment": "",
    "resignation_hr_comment": "",
    "resignation_manager_by": null,
    "resignation_hr_by": null,
    "resignation_manager_at": null,
    "resignation_hr_at": null
  }
},
{
  "model": "hr_management.leaverequest",
  "pk": 3,
  "fields": {
    "employee": 8,
    "leave_type": "annual",
    "start_date": "2025-10-17",
    "end_date": "2025-10-22",
    "days": 6,
    "reason": "年假安排",
    "status": "approved",
    "approved_by": null,
    "approved_at": null,
    "comments": "",
    "attachment": "",
    "created_at": "2025-10-31T16:01:19.055Z",
    "resignation_manager_status": "pending",
    "resignation_hr_status": "pending",
    "resignation_manager_comment": "",
    "resignation_hr_comment": "",
    "resignation_manager_by": null,
    "resignation_hr_by": null,
    "resignation_manager_at": null,
    "resignation_hr_at": null
  }
},
{
  "model": "hr_management.leaverequest",
  "pk": 4,
  "fields": {
    "employee": 8,
    "leave_type": "personal",
    "start_date": "2025-11-30",
    "end_date": "2025-12-02",
    "days": 3,
    "reason": "有事",
    "status": "approved",
    "approved_by": 1,
    "approved_at": "2025-11-30T12:46:32.875Z",
    "comments": "",
    "attachment": "",
    "created_at": "2025-11-30T12:46:28.307Z",
    "resignation_manager_status": "pending",
    "resignation_hr_status": "pending",
    "resignation_manager_comment": "",
    "resignation_hr_comment": "",
    "resignation_manager_by": null,
    "resignation_hr_by": null,
    "resignation_manager_at": null,
    "resignation_hr_at": null
  }
},
{
  "model": "hr_management.leaverequest",
  "pk": 5,
  "fields": {
    "employee": 8,
    "leave_type": "maternity",
    "start_date": "2025-12-15",
    "end_date": "2025-12-17",
    "days": 3,
    "reason": "产假",
    "status": "approved",
    "approved_by": 1,
    "approved_at": "2025-12-14T09:13:28.907Z",
    "comments": "",
    "attachment": "",
    "created_at": "2025-12-14T09:13:14.446Z",
    "resignation_manager_status": "pending",
    "resignation_hr_status": "pending",
    "resignation_manager_comment": "",
    "resignation_hr_comment": "",
    "resignation_manager_by": null,
    "resignation_hr_by": null,
    "resignation_manager_at": null,
    "resignation_hr_at": null
  }
},
{
  "model": "hr_management.leaverequest",
  "pk": 6,
  "fields": {
    "employee": 8,
    "leave_type": "sick",
    "start_date": "2026-01-18",
    "end_date": "2026-01-19",
    "days": 2,
    "reason": "生病去医院",
    "status": "rejected",
    "approved_by": 1,
    "approved_at": "2026-01-17T15:47:06.221Z",
    "comments": "",
    "attachment": "",
    "created_at": "2026-01-16T20:51:12.871Z",
    "resignation_manager_status": "pending",
    "resignation_hr_status": "pending",
    "resignation_manager_comment": "",
    "resignation_hr_comment": "",
    "resignation_manager_by": null,
    "resignation_hr_by": null,
    "resignation_manager_at": null,
    "resignation_hr_at": null
  }
},
{
  "model": "hr_management.leaverequest",
  "pk": 7,
  "fields": {
    "employee": 8,
    "leave_type": "resignation",
    "start_date": "2026-01-20",
    "end_date": "2026-01-23",
    "days": 4,
    "reason": "测试",
    "status": "rejected",
    "approved_by": 1,
    "approved_at": "2026-01-17T19:49:14.585Z",
    "comments": "",
    "attachment": "",
    "created_at": "2026-01-17T19:35:45.065Z",
    "resignation_manager_status": "approved",
    "resignation_hr_status": "rejected",
    "resignation_manager_comment": "",
    "resignation_hr_comment": "",
    "resignation_manager_by": 1,
    "resignation_hr_by": 1,
    "resignation_manager_at": "2026-01-17T19:49:10.841Z",
    "resignation_hr_at": "2026-01-17T19:49:14.585Z"
  }
},
{
  "model": "hr_management.salaryrecord",
  "pk": 1,
  "fields": {
    "employee": 2,
    "year": 2025,
    "month": 11,
    "basic_salary": "8000.00",
    "bonus": "500.00",
    "overtime_pay": "200.00",
    "allowance": "300.00",
    "net_salary": "8900.00",
    "paid": true,
    "paid_at": "2026-01-12T03:11:19.967Z",
    "created_at": "2025-11-30T12:09:33.352Z"
  }
},
{
  "model": "hr_management.salaryrecord",
  "pk": 2,
  "fields": {
    "employee": 3,
    "year": 2025,
    "month": 11,
    "basic_salary": "10000.00",
    "bonus": "500.00",
    "overtime_pay": "200.00",
    "allowance": "300.00",
    "net_salary": "10900.00",
    "paid": true,
    "paid_at": "2026-01-12T03:11:19.967Z",
    "created_at": "2025-11-30T12:09:33.352Z"
  }
},
{
  "model": "hr_management.salaryrecord",
  "pk": 3,
  "fields": {
    "employee": 5,
    "year": 2025,
    "month": 11,
    "basic_salary": "10000.00",
    "bonus": "500.00",
    "overtime_pay": "200.00",
    "allowance": "300.00",
    "net_salary": "10900.00",
    "paid": true,
    "paid_at": "2026-01-12T03:11:19.967Z",
    "created_at": "2025-11-30T12:09:33.371Z"
  }
},
{
  "model": "hr_management.salaryrecord",
  "pk": 4,
  "fields": {
    "employee": 2,
    "year": 2025,
    "month": 10,
    "basic_salary": "8000.00",
    "bonus": "200.00",
    "overtime_pay": "0.00",
    "allowance": "0.00",
    "net_salary": "8200.00",
    "paid": true,
    "paid_at": "2026-01-12T03:11:18.647Z",
    "created_at": "2025-12-06T11:25:00.308Z"
  }
},
{
  "model": "hr_management.salaryrecord",
  "pk": 5,
  "fields": {
    "employee": 2,
    "year": 2025,
    "month": 12,
    "basic_salary": "8000.00",
    "bonus": "0.00",
    "overtime_pay": "0.00",
    "allowance": "0.00",
    "net_salary": "8000.00",
    "paid": true,
    "paid_at": "2026-01-12T02:40:25.916Z",
    "created_at": "2026-01-12T02:40:08.845Z"
  }
},
{
  "model": "hr_management.salaryrecord",
  "pk": 6,
  "fields": {
    "employee": 3,
    "year": 2025,
    "month": 12,
    "basic_salary": "10000.00",
    "bonus": "0.00",
    "overtime_pay": "0.00",
    "allowance": "0.00",
    "net_salary": "10000.00",
    "paid": true,
    "paid_at": "2026-01-12T02:40:25.916Z",
    "created_at": "2026-01-12T02:40:08.853Z"
  }
},
{
  "model": "hr_management.salaryrecord",
  "pk": 7,
  "fields": {
    "employee": 5,
    "year": 2025,
    "month": 12,
    "basic_salary": "10000.00",
    "bonus": "0.00",
    "overtime_pay": "0.00",
    "allowance": "0.00",
    "net_salary": "10000.00",
    "paid": true,
    "paid_at": "2026-01-12T02:40:25.916Z",
    "created_at": "2026-01-12T02:40:08.859Z"
  }
},
{
  "model": "hr_management.salaryrecord",
  "pk": 8,
  "fields": {
    "employee": 6,
    "year": 2025,
    "month": 12,
    "basic_salary": "12000.00",
    "bonus": "0.00",
    "overtime_pay": "0.00",
    "allowance": "0.00",
    "net_salary": "12000.00",
    "paid": true,
    "paid_at": "2026-01-12T02:40:25.916Z",
    "created_at": "2026-01-12T02:40:08.863Z"
  }
},
{
  "model": "hr_management.salaryrecord",
  "pk": 9,
  "fields": {
    "employee": 7,
    "year": 2025,
    "month": 12,
    "basic_salary": "13000.00",
    "bonus": "0.00",
    "overtime_pay": "0.00",
    "allowance": "0.00",
    "net_salary": "13000.00",
    "paid": true,
    "paid_at": "2026-01-12T02:40:25.916Z",
    "created_at": "2026-01-12T02:40:08.868Z"
  }
},
{
  "model": "hr_management.salaryrecord",
  "pk": 10,
  "fields": {
    "employee": 8,
    "year": 2025,
    "month": 12,
    "basic_salary": "30000.00",
    "bonus": "0.00",
    "overtime_pay": "0.00",
    "allowance": "0.00",
    "net_salary": "30000.00",
    "paid": true,
    "paid_at": "2026-01-12T02:40:25.916Z",
    "created_at": "2026-01-12T02:40:08.873Z"
  }
},
{
  "model": "hr_management.salaryrecord",
  "pk": 11,
  "fields": {
    "employee": 6,
    "year": 2026,
    "month": 1,
    "basic_salary": "8000.00",
    "bonus": "500.00",
    "overtime_pay": "0.00",
    "allowance": "300.00",
    "net_salary": "8800.00",
    "paid": false,
    "paid_at": null,
    "created_at": "2026-01-17T04:02:35.480Z"
  }
},
{
  "model": "hr_management.salaryrecord",
  "pk": 12,
  "fields": {
    "employee": 7,
    "year": 2025,
    "month": 11,
    "basic_salary": "15000.00",
    "bonus": "100.00",
    "overtime_pay": "0.00",
    "allowance": "0.00",
    "net_salary": "15100.00",
    "paid": false,
    "paid_at": null,
    "created_at": "2026-01-17T04:02:35.517Z"
  }
},
{
  "model": "hr_management.companydocument",
  "pk": 1,
  "fields": {
    "title": "员工手册",
    "document_type": "procedure",
    "description": "新员工手册",
    "file": "documents/company/实训日志5组-李鹏飞-2024.12.21_1.docx",
    "version": "1.0",
    "is_active": true,
    "uploaded_by": 11,
    "created_at": "2025-10-29T11:38:27.300Z",
    "updated_at": "2026-01-18T09:48:36.852Z"
  }
},
{
  "model": "hr_management.systemlog",
  "pk": 598,
  "fields": {
    "timestamp": "2026-01-18T04:32:44.430Z",
    "level": "WARNING",
    "user": 1,
    "action": "清空系统日志",
    "ip_address": "127.0.0.1",
    "detail": "5 rows (level=*)"
  }
},
{
  "model": "hr_management.systemlog",
  "pk": 599,
  "fields": {
    "timestamp": "2026-01-18T08:10:02.174Z",
    "level": "INFO",
    "user": 1,
    "action": "用户登录",
    "ip_address": "127.0.0.1",
    "detail": "用户名: admin"
  }
},
{
  "model": "hr_management.systemlog",
  "pk": 600,
  "fields": {
    "timestamp": "2026-01-18T09:48:36.857Z",
    "level": "INFO",
    "user": 1,
    "action": "更新文档",
    "ip_address": "127.0.0.1",
    "detail": "员工手册 v1.0"
  }
},
{
  "model": "hr_management.systemlog",
  "pk": 601,
  "fields": {
    "timestamp": "2026-01-18T10:00:59.039Z",
    "level": "INFO",
    "user": 1,
    "action": "更新用户",
    "ip_address": "127.0.0.1",
    "detail": "陈丽"
  }
},
{
  "model": "hr_management.systemlog",
  "pk": 602,
  "fields": {
    "timestamp": "2026-01-18T12:18:45.370Z",
    "level": "INFO",
    "user": 1,
    "action": "用户登录",
    "ip_address": "127.0.0.1",
    "detail": "用户名: admin"
  }
},
{
  "model": "hr_management.systemlog",
  "pk": 603,
  "fields": {
    "timestamp": "2026-01-18T12:19:14.010Z",
    "level": "INFO",
    "user": 1,
    "action": "签退",
    "ip_address": "127.0.0.1",
    "detail": "EMP002 2026-01-18"
  }
},
{
  "model": "hr_management.rbacpermission",
  "pk": 1,
  "fields": {
    "key": "manage_backups",
    "name": "管理备份",
    "description": "创建/恢复/清理数据库备份",
    "created_at": "2025-12-30T08:05:39.519Z"
  }
},
{
  "model": "hr_management.rbacpermission",
  "pk": 2,
  "fields": {
    "key": "manage_system_logs",
    "name": "管理系统日志",
    "description": "查看与清理系统日志",
    "created_at": "2025-12-30T08:05:39.561Z"
  }
},
{
  "model": "hr_management.rbacpermission",
  "pk": 3,
  "fields": {
    "key": "manage_system_settings",
    "name": "系统设置",
    "description": "修改系统配置参数",
    "created_at": "2025-12-30T08:05:39.561Z"
  }
},
{
  "model": "hr_management.rbacpermission",
  "pk": 4,
  "fields": {
    "key": "view_employees",
    "name": "查看员工",
    "description": "查看员工基本信息",
    "created_at": "2025-12-30T08:05:39.561Z"
  }
},
{
  "model": "hr_management.rbacpermission",
  "pk": 5,
  "fields": {
    "key": "manage_employees",
    "name": "管理员工",
    "description": "新增/编辑/停用员工信息",
    "created_at": "2025-12-30T08:05:39.561Z"
  }
},
{
  "model": "hr_management.rbacpermission",
  "pk": 6,
  "fields": {
    "key": "view_employee_sensitive",
    "name": "查看敏感信息",
    "description": "查看员工身份证、薪资等敏感字段",
    "created_at": "2025-12-30T08:05:39.561Z"
  }
},
{
  "model": "hr_management.rbacpermission",
  "pk": 7,
  "fields": {
    "key": "export_employees",
    "name": "导出员工数据",
    "description": "导出员工信息为Excel/CSV",
    "created_at": "2025-12-30T08:05:39.561Z"
  }
},
{
  "model": "hr_management.rbacpermission",
  "pk": 8,
  "fields": {
    "key": "view_departments",
    "name": "查看部门",
    "description": "查看部门列表和信息",
    "created_at": "2025-12-30T08:05:39.567Z"
  }
},
{
  "model": "hr_management.rbacpermission",
  "pk": 9,
  "fields": {
    "key": "manage_departments",
    "name": "管理部门",
    "description": "新增/编辑/删除部门",
    "created_at": "2025-12-30T08:05:39.567Z"
  }
},
{
  "model": "hr_management.rbacpermission",
  "pk": 10,
  "fields": {
    "key": "view_positions",
    "name": "查看职位",
    "description": "查看职位列表和信息",
    "created_at": "2025-12-30T08:05:39.567Z"
  }
},
{
  "model": "hr_management.rbacpermission",
  "pk": 11,
  "fields": {
    "key": "manage_positions",
    "name": "管理职位",
    "description": "新增/编辑/删除职位",
    "created_at": "2025-12-30T08:05:39.567Z"
  }
},
{
  "model": "hr_management.rbacpermission",
  "pk": 12,
  "fields": {
    "key": "view_attendance",
    "name": "查看考勤",
    "description": "查看考勤记录",
    "created_at": "2025-12-30T08:05:39.571Z"
  }
},
{
  "model": "hr_management.rbacpermission",
  "pk": 13,
  "fields": {
    "key": "manage_attendance",
    "name": "管理考勤",
    "description": "新增/编辑/删除考勤记录",
    "created_at": "2025-12-30T08:05:39.571Z"
  }
},
{
  "model": "hr_management.rbacpermission",
  "pk": 14,
  "fields": {
    "key": "export_attendance",
    "name": "导出考勤",
    "description": "导出考勤数据",
    "created_at": "2025-12-30T08:05:39.571Z"
  }
},
{
  "model": "hr_management.rbacpermission",
  "pk": 15,
  "fields": {
    "key": "view_leaves",
    "name": "查看请假",
    "description": "查看请假申请记录",
    "created_at": "2025-12-30T08:05:39.571Z"
  }
},
{
  "model": "hr_management.rbacpermission",
  "pk": 16,
  "fields": {
    "key": "apply_leave",
    "name": "申请请假",
    "description": "提交请假申请",
    "created_at": "2025-12-30T08:05:39.576Z"
  }
},
{
  "model": "hr_management.rbacpermission",
  "pk": 17,
  "fields": {
    "key": "approve_leave",
    "name": "审批请假",
    "description": "审批请假申请",
    "created_at": "2025-12-30T08:05:39.576Z"
  }
},
{
  "model": "hr_management.rbacpermission",
  "pk": 18,
  "fields": {
    "key": "view_salaries",
    "name": "查看薪资",
    "description": "查看薪资记录",
    "created_at": "2025-12-30T08:05:39.576Z"
  }
},
{
  "model": "hr_management.rbacpermission",
  "pk": 19,
  "fields": {
    "key": "manage_salaries",
    "name": "管理薪资",
    "description": "新增/编辑薪资记录",
    "created_at": "2025-12-30T08:05:39.576Z"
  }
},
{
  "model": "hr_management.rbacpermission",
  "pk": 20,
  "fields": {
    "key": "disburse_salaries",
    "name": "发放薪资",
    "description": "执行薪资发放操作",
    "created_at": "2025-12-30T08:05:39.576Z"
  }
},
{
  "model": "hr_management.rbacpermission",
  "pk": 21,
  "fields": {
    "key": "export_salaries",
    "name": "导出薪资",
    "description": "导出薪资报表",
    "created_at": "2025-12-30T08:05:39.576Z"
  }
},
{
  "model": "hr_management.rbacpermission",
  "pk": 22,
  "fields": {
    "key": "view_reports",
    "name": "查看报表",
    "description": "查看统计报表",
    "created_at": "2025-12-30T08:05:39.576Z"
  }
},
{
  "model": "hr_management.rbacpermission",
  "pk": 23,
  "fields": {
    "key": "view_sensitive_reports",
    "name": "查看敏感报表",
    "description": "访问包含敏感数据的报表",
    "created_at": "2025-12-30T08:05:39.576Z"
  }
},
{
  "model": "hr_management.rbacpermission",
  "pk": 24,
  "fields": {
    "key": "export_reports",
    "name": "导出报表",
    "description": "导出统计报表",
    "created_at": "2025-12-30T08:05:39.576Z"
  }
},
{
  "model": "hr_management.rbacpermission",
  "pk": 25,
  "fields": {
    "key": "view_roles",
    "name": "查看角色",
    "description": "查看角色列表",
    "created_at": "2025-12-30T08:05:39.576Z"
  }
},
{
  "model": "hr_management.rbacpermission",
  "pk": 26,
  "fields": {
    "key": "manage_roles",
    "name": "管理角色",
    "description": "新增/编辑/删除角色",
    "created_at": "2025-12-30T08:05:39.576Z"
  }
},
{
  "model": "hr_management.rbacpermission",
  "pk": 27,
  "fields": {
    "key": "manage_permissions",
    "name": "管理权限",
    "description": "新增/编辑/删除权限",
    "created_at": "2025-12-30T08:05:39.584Z"
  }
},
{
  "model": "hr_management.rbacpermission",
  "pk": 28,
  "fields": {
    "key": "assign_roles",
    "name": "分配角色",
    "description": "给用户分配角色",
    "created_at": "2025-12-30T08:05:39.584Z"
  }
},
{
  "model": "hr_management.rbacpermission",
  "pk": 29,
  "fields": {
    "key": "view_users",
    "name": "查看用户",
    "description": "查看用户账号列表",
    "created_at": "2025-12-30T08:05:39.584Z"
  }
},
{
  "model": "hr_management.rbacpermission",
  "pk": 30,
  "fields": {
    "key": "manage_users",
    "name": "管理用户",
    "description": "新增/编辑/禁用用户账号",
    "created_at": "2025-12-30T08:05:39.584Z"
  }
},
{
  "model": "hr_management.rbacpermission",
  "pk": 31,
  "fields": {
    "key": "reset_user_password",
    "name": "重置密码",
    "description": "重置用户登录密码",
    "created_at": "2025-12-30T08:05:39.584Z"
  }
},
{
  "model": "hr_management.rbacpermission",
  "pk": 32,
  "fields": {
    "key": "employee.view",
    "name": "查看员工",
    "description": "查看员工基本信息",
    "created_at": "2026-01-17T17:31:30.796Z"
  }
},
{
  "model": "hr_management.rbacpermission",
  "pk": 33,
  "fields": {
    "key": "employee.create",
    "name": "创建员工",
    "description": "创建新员工档案",
    "created_at": "2026-01-17T17:31:30.806Z"
  }
},
{
  "model": "hr_management.rbacpermission",
  "pk": 34,
  "fields": {
    "key": "employee.edit",
    "name": "编辑员工",
    "description": "编辑员工信息",
    "created_at": "2026-01-17T17:31:30.810Z"
  }
},
{
  "model": "hr_management.rbacpermission",
  "pk": 35,
  "fields": {
    "key": "employee.delete",
    "name": "删除员工",
    "description": "删除员工档案",
    "created_at": "2026-01-17T17:31:30.815Z"
  }
},
{
  "model": "hr_management.rbacpermission",
  "pk": 36,
  "fields": {
    "key": "employee.import",
    "name": "导入员工",
    "description": "批量导入员工数据",
    "created_at": "2026-01-17T17:31:30.820Z"
  }
},
{
  "model": "hr_management.rbacpermission",
  "pk": 37,
  "fields": {
    "key": "employee.export",
    "name": "导出员工",
    "description": "导出员工数据",
    "created_at": "2026-01-17T17:31:30.824Z"
  }
},
{
  "model": "hr_management.rbacpermission",
  "pk": 38,
  "fields": {
    "key": "department.view",
    "name": "查看部门",
    "description": "查看部门信息",
    "created_at": "2026-01-17T17:31:30.830Z"
  }
},
{
  "model": "hr_management.rbacpermission",
  "pk": 39,
  "fields": {
    "key": "department.create",
    "name": "创建部门",
    "description": "创建新部门",
    "created_at": "2026-01-17T17:31:30.834Z"
  }
},
{
  "model": "hr_management.rbacpermission",
  "pk": 40,
  "fields": {
    "key": "department.edit",
    "name": "编辑部门",
    "description": "编辑部门信息",
    "created_at": "2026-01-17T17:31:30.838Z"
  }
},
{
  "model": "hr_management.rbacpermission",
  "pk": 41,
  "fields": {
    "key": "department.delete",
    "name": "删除部门",
    "description": "删除部门",
    "created_at": "2026-01-17T17:31:30.841Z"
  }
},
{
  "model": "hr_management.rbacpermission",
  "pk": 42,
  "fields": {
    "key": "position.view",
    "name": "查看职位",
    "description": "查看职位信息",
    "created_at": "2026-01-17T17:31:30.844Z"
  }
},
{
  "model": "hr_management.rbacpermission",
  "pk": 43,
  "fields": {
    "key": "position.create",
    "name": "创建职位",
    "description": "创建新职位",
    "created_at": "2026-01-17T17:31:30.848Z"
  }
},
{
  "model": "hr_management.rbacpermission",
  "pk": 44,
  "fields": {
    "key": "position.edit",
    "name": "编辑职位",
    "description": "编辑职位信息",
    "created_at": "2026-01-17T17:31:30.853Z"
  }
},
{
  "model": "hr_management.rbacpermission",
  "pk": 45,
  "fields": {
    "key": "position.delete",
    "name": "删除职位",
    "description": "删除职位",
    "created_at": "2026-01-17T17:31:30.857Z"
  }
},
{
  "model": "hr_management.rbacpermission",
  "pk": 46,
  "fields": {
    "key": "attendance.view",
    "name": "查看考勤",
    "description": "查看自己的考勤记录",
    "created_at": "2026-01-17T17:31:30.861Z"
  }
},
{
  "model": "hr_management.rbacpermission",
  "pk": 47,
  "fields": {
    "key": "attendance.view_all",
    "name": "查看所有考勤",
    "description": "查看所有员工的考勤记录",
    "created_at": "2026-01-17T17:31:30.863Z"
  }
},
{
  "model": "hr_management.rbacpermission",
  "pk": 48,
  "fields": {
    "key": "attendance.edit",
    "name": "编辑考勤",
    "description": "编辑考勤记录",
    "created_at": "2026-01-17T17:31:30.863Z"
  }
},
{
  "model": "hr_management.rbacpermission",
  "pk": 49,
  "fields": {
    "key": "attendance.approve",
    "name": "审批补签",
    "description": "审批员工补签申请",
    "created_at": "2026-01-17T17:31:30.874Z"
  }
},
{
  "model": "hr_management.rbacpermission",
  "pk": 50,
  "fields": {
    "key": "attendance.location",
    "name": "管理考勤地点",
    "description": "管理考勤打卡地点",
    "created_at": "2026-01-17T17:31:30.878Z"
  }
},
{
  "model": "hr_management.rbacpermission",
  "pk": 51,
  "fields": {
    "key": "leave.view",
    "name": "查看请假",
    "description": "查看自己的请假记录",
    "created_at": "2026-01-17T17:31:30.881Z"
  }
},
{
  "model": "hr_management.rbacpermission",
  "pk": 52,
  "fields": {
    "key": "leave.view_all",
    "name": "查看所有请假",
    "description": "查看所有员工的请假记录",
    "created_at": "2026-01-17T17:31:30.886Z"
  }
},
{
  "model": "hr_management.rbacpermission",
  "pk": 53,
  "fields": {
    "key": "leave.create",
    "name": "创建请假",
    "description": "发起请假申请",
    "created_at": "2026-01-17T17:31:30.891Z"
  }
},
{
  "model": "hr_management.rbacpermission",
  "pk": 54,
  "fields": {
    "key": "leave.approve",
    "name": "审批请假",
    "description": "审批员工请假申请",
    "created_at": "2026-01-17T17:31:30.895Z"
  }
},
{
  "model": "hr_management.rbacpermission",
  "pk": 55,
  "fields": {
    "key": "trip.view",
    "name": "查看出差",
    "description": "查看自己的出差记录",
    "created_at": "2026-01-17T17:31:30.895Z"
  }
},
{
  "model": "hr_management.rbacpermission",
  "pk": 56,
  "fields": {
    "key": "trip.view_all",
    "name": "查看所有出差",
    "description": "查看所有员工的出差记录",
    "created_at": "2026-01-17T17:31:30.905Z"
  }
},
{
  "model": "hr_management.rbacpermission",
  "pk": 57,
  "fields": {
    "key": "trip.create",
    "name": "创建出差",
    "description": "发起出差申请",
    "created_at": "2026-01-17T17:31:30.910Z"
  }
},
{
  "model": "hr_management.rbacpermission",
  "pk": 58,
  "fields": {
    "key": "trip.approve",
    "name": "审批出差",
    "description": "审批员工出差申请",
    "created_at": "2026-01-17T17:31:30.914Z"
  }
},
{
  "model": "hr_management.rbacpermission",
  "pk": 59,
  "fields": {
    "key": "salary.view",
    "name": "查看薪资",
    "description": "查看自己的薪资记录",
    "created_at": "2026-01-17T17:31:30.919Z"
  }
},
{
  "model": "hr_management.rbacpermission",
  "pk": 60,
  "fields": {
    "key": "salary.view_all",
    "name": "查看所有薪资",
    "description": "查看所有员工的薪资记录",
    "created_at": "2026-01-17T17:31:30.923Z"
  }
},
{
  "model": "hr_management.rbacpermission",
  "pk": 61,
  "fields": {
    "key": "salary.create",
    "name": "创建薪资",
    "description": "创建薪资记录",
    "created_at": "2026-01-17T17:31:30.927Z"
  }
},
{
  "model": "hr_management.rbacpermission",
  "pk": 62,
  "fields": {
    "key": "salary.edit",
    "name": "编辑薪资",
    "description": "编辑薪资记录",
    "created_at": "2026-01-17T17:31:30.932Z"
  }
},
{
  "model": "hr_management.rbacpermission",
  "pk": 63,
  "fields": {
    "key": "salary.delete",
    "name": "删除薪资",
    "description": "删除薪资记录",
    "created_at": "2026-01-17T17:31:30.936Z"
  }
},
{
  "model": "hr_management.rbacpermission",
  "pk": 64,
  "fields": {
    "key": "salary.disburse",
    "name": "发放薪资",
    "description": "批量发放薪资",
    "created_at": "2026-01-17T17:31:30.940Z"
  }
},
{
  "model": "hr_management.rbacpermission",
  "pk": 65,
  "fields": {
    "key": "expense.view",
    "name": "查看报销",
    "description": "查看自己的报销记录",
    "created_at": "2026-01-17T17:31:30.944Z"
  }
},
{
  "model": "hr_management.rbacpermission",
  "pk": 66,
  "fields": {
    "key": "expense.view_all",
    "name": "查看所有报销",
    "description": "查看所有员工的报销记录",
    "created_at": "2026-01-17T17:31:30.948Z"
  }
},
{
  "model": "hr_management.rbacpermission",
  "pk": 67,
  "fields": {
    "key": "expense.create",
    "name": "创建报销",
    "description": "发起报销申请",
    "created_at": "2026-01-17T17:31:30.953Z"
  }
},
{
  "model": "hr_management.rbacpermission",
  "pk": 68,
  "fields": {
    "key": "expense.approve",
    "name": "审批报销",
    "description": "审批报销申请",
    "created_at": "2026-01-17T17:31:30.957Z"
  }
},
{
  "model": "hr_management.rbacpermission",
  "pk": 69,
  "fields": {
    "key": "document.view",
    "name": "查看文档",
    "description": "查看文档",
    "created_at": "2026-01-17T17:31:30.961Z"
  }
},
{
  "model": "hr_management.rbacpermission",
  "pk": 70,
  "fields": {
    "key": "document.upload",
    "name": "上传文档",
    "description": "上传文档",
    "created_at": "2026-01-17T17:31:30.966Z"
  }
},
{
  "model": "hr_management.rbacpermission",
  "pk": 71,
  "fields": {
    "key": "document.delete",
    "name": "删除文档",
    "description": "删除文档",
    "created_at": "2026-01-17T17:31:30.970Z"
  }
},
{
  "model": "hr_management.rbacpermission",
  "pk": 72,
  "fields": {
    "key": "document.manage",
    "name": "管理公司文档",
    "description": "管理公司公开文档",
    "created_at": "2026-01-17T17:31:30.974Z"
  }
},
{
  "model": "hr_management.rbacpermission",
  "pk": 73,
  "fields": {
    "key": "report.view",
    "name": "查看报表",
    "description": "查看统计报表",
    "created_at": "2026-01-17T17:31:30.978Z"
  }
},
{
  "model": "hr_management.rbacpermission",
  "pk": 74,
  "fields": {
    "key": "report.export",
    "name": "导出报表",
    "description": "导出统计报表",
    "created_at": "2026-01-17T17:31:30.982Z"
  }
},
{
  "model": "hr_management.rbacpermission",
  "pk": 75,
  "fields": {
    "key": "system.view",
    "name": "查看系统设置",
    "description": "查看系统配置",
    "created_at": "2026-01-17T17:31:30.987Z"
  }
},
{
  "model": "hr_management.rbacpermission",
  "pk": 76,
  "fields": {
    "key": "system.log",
    "name": "查看系统日志",
    "description": "查看系统日志",
    "created_at": "2026-01-17T17:31:30.991Z"
  }
},
{
  "model": "hr_management.rbacpermission",
  "pk": 77,
  "fields": {
    "key": "system.backup",
    "name": "系统备份",
    "description": "执行系统备份",
    "created_at": "2026-01-17T17:31:30.996Z"
  }
},
{
  "model": "hr_management.rbacpermission",
  "pk": 78,
  "fields": {
    "key": "system.restore",
    "name": "系统恢复",
    "description": "执行系统恢复",
    "created_at": "2026-01-17T17:31:31Z"
  }
},
{
  "model": "hr_management.rbacpermission",
  "pk": 79,
  "fields": {
    "key": "user.view",
    "name": "查看用户",
    "description": "查看用户列表",
    "created_at": "2026-01-17T17:31:31.004Z"
  }
},
{
  "model": "hr_management.rbacpermission",
  "pk": 80,
  "fields": {
    "key": "user.create",
    "name": "创建用户",
    "description": "创建新用户",
    "created_at": "2026-01-17T17:31:31.009Z"
  }
},
{
  "model": "hr_management.rbacpermission",
  "pk": 81,
  "fields": {
    "key": "user.edit",
    "name": "编辑用户",
    "description": "编辑用户信息",
    "created_at": "2026-01-17T17:31:31.012Z"
  }
},
{
  "model": "hr_management.rbacpermission",
  "pk": 82,
  "fields": {
    "key": "user.delete",
    "name": "删除用户",
    "description": "删除用户",
    "created_at": "2026-01-17T17:31:31.016Z"
  }
},
{
  "model": "hr_management.rbacpermission",
  "pk": 83,
  "fields": {
    "key": "user.reset_password",
    "name": "重置密码",
    "description": "重置用户密码",
    "created_at": "2026-01-17T17:31:31.021Z"
  }
},
{
  "model": "hr_management.rbacpermission",
  "pk": 84,
  "fields": {
    "key": "rbac.view",
    "name": "查看角色权限",
    "description": "查看角色和权限",
    "created_at": "2026-01-17T17:31:31.025Z"
  }
},
{
  "model": "hr_management.rbacpermission",
  "pk": 85,
  "fields": {
    "key": "rbac.manage",
    "name": "管理角色权限",
    "description": "创建、编辑、删除角色和权限",
    "created_at": "2026-01-17T17:31:31.030Z"
  }
},
{
  "model": "hr_management.rbacpermission",
  "pk": 86,
  "fields": {
    "key": "resignation.view",
    "name": "查看离职",
    "description": "查看自己的离职申请",
    "created_at": "2026-01-17T17:31:31.035Z"
  }
},
{
  "model": "hr_management.rbacpermission",
  "pk": 87,
  "fields": {
    "key": "resignation.view_all",
    "name": "查看所有离职",
    "description": "查看所有员工的离职申请",
    "created_at": "2026-01-17T17:31:31.040Z"
  }
},
{
  "model": "hr_management.rbacpermission",
  "pk": 88,
  "fields": {
    "key": "resignation.create",
    "name": "发起离职",
    "description": "发起离职申请",
    "created_at": "2026-01-17T17:31:31.044Z"
  }
},
{
  "model": "hr_management.rbacpermission",
  "pk": 89,
  "fields": {
    "key": "resignation.approve",
    "name": "审批离职",
    "description": "审批离职申请",
    "created_at": "2026-01-17T17:31:31.048Z"
  }
},
{
  "model": "hr_management.rbacpermission",
  "pk": 90,
  "fields": {
    "key": "attendance.create",
    "name": "创建考勤",
    "description": "创建考勤记录",
    "created_at": "2026-01-17T17:45:24.782Z"
  }
},
{
  "model": "hr_management.rbacpermission",
  "pk": 91,
  "fields": {
    "key": "document.create",
    "name": "创建文档",
    "description": "创建新文档",
    "created_at": "2026-01-17T17:45:24.874Z"
  }
},
{
  "model": "hr_management.rbacpermission",
  "pk": 92,
  "fields": {
    "key": "document.edit",
    "name": "编辑文档",
    "description": "编辑文档",
    "created_at": "2026-01-17T17:45:24.878Z"
  }
},
{
  "model": "hr_management.rbacpermission",
  "pk": 93,
  "fields": {
    "key": "report.employee",
    "name": "员工报表",
    "description": "查看员工统计报表",
    "created_at": "2026-01-17T17:45:24.903Z"
  }
},
{
  "model": "hr_management.rbacpermission",
  "pk": 94,
  "fields": {
    "key": "report.attendance",
    "name": "考勤报表",
    "description": "查看考勤统计报表",
    "created_at": "2026-01-17T17:45:24.908Z"
  }
},
{
  "model": "hr_management.rbacpermission",
  "pk": 95,
  "fields": {
    "key": "report.salary",
    "name": "薪资报表",
    "description": "查看薪资统计报表",
    "created_at": "2026-01-17T17:45:24.912Z"
  }
},
{
  "model": "hr_management.rbacpermission",
  "pk": 96,
  "fields": {
    "key": "report.leave",
    "name": "请假报表",
    "description": "查看请假统计报表",
    "created_at": "2026-01-17T17:45:24.916Z"
  }
},
{
  "model": "hr_management.rbacpermission",
  "pk": 97,
  "fields": {
    "key": "system.log_view",
    "name": "查看日志详情",
    "description": "查看系统日志详情",
    "created_at": "2026-01-17T17:45:24.928Z"
  }
},
{
  "model": "hr_management.rbacpermission",
  "pk": 98,
  "fields": {
    "key": "system.log_clear",
    "name": "清除系统日志",
    "description": "清除系统日志",
    "created_at": "2026-01-17T17:45:24.932Z"
  }
},
{
  "model": "hr_management.rbacpermission",
  "pk": 99,
  "fields": {
    "key": "system.backup_view",
    "name": "查看备份",
    "description": "查看备份列表",
    "created_at": "2026-01-17T17:45:24.941Z"
  }
},
{
  "model": "hr_management.rbacpermission",
  "pk": 100,
  "fields": {
    "key": "system.backup_create",
    "name": "创建备份",
    "description": "创建系统备份",
    "created_at": "2026-01-17T17:45:24.946Z"
  }
},
{
  "model": "hr_management.rbacpermission",
  "pk": 101,
  "fields": {
    "key": "system.backup_restore",
    "name": "恢复备份",
    "description": "从备份恢复系统",
    "created_at": "2026-01-17T17:45:24.950Z"
  }
},
{
  "model": "hr_management.rbacpermission",
  "pk": 102,
  "fields": {
    "key": "rbac.role_manage",
    "name": "管理角色",
    "description": "创建、编辑、删除角色",
    "created_at": "2026-01-17T17:45:24.986Z"
  }
},
{
  "model": "hr_management.rbacpermission",
  "pk": 103,
  "fields": {
    "key": "rbac.permission_manage",
    "name": "管理权限",
    "description": "创建、编辑、删除权限",
    "created_at": "2026-01-17T17:45:24.990Z"
  }
},
{
  "model": "hr_management.role",
  "pk": 2,
  "fields": {
    "name": "系统管理员",
    "code": "admin",
    "description": "拥有系统所有权限",
    "is_system": true,
    "created_at": "2025-10-29T07:01:25.524Z",
    "updated_at": "2026-01-17T17:45:25.012Z",
    "permissions": [
      1,
      2,
      3,
      4,
      5,
      6,
      7,
      8,
      9,
      10,
      11,
      12,
      13,
      14,
      15,
      16,
      17,
      18,
      19,
      20,
      21,
      22,
      23,
      24,
      25,
      26,
      27,
      28,
      29,
      30,
      31,
      32,
      33,
      34,
      35,
      36,
      37,
      38,
      39,
      40,
      41,
      42,
      43,
      44,
      45,
      46,
      47,
      48,
      49,
      50,
      51,
      52,
      53,
      54,
      55,
      56,
      57,
      58,
      59,
      60,
      61,
      62,
      63,
      64,
      65,
      66,
      67,
      68,
      69,
      70,
      71,
      72,
      73,
      74,
      75,
      76,
      77,
      78,
      79,
      80,
      81,
      82,
      83,
      84,
      85,
      86,
      87,
      88,
      89,
      90,
      91,
      92,
      93,
      94,
      95,
      96,
      97,
      98,
      99,
      100,
      101,
      102,
      103
    ],
    "users": [
      1,
      2,
      8
    ]
  }
},
{
  "model": "hr_management.role",
  "pk": 3,
  "fields": {
    "name": "人事经理",
    "code": "hr_manager",
    "description": "管理员工、考勤、请假、薪资等人事相关事务",
    "is_system": false,
    "created_at": "2025-10-29T07:01:25.525Z",
    "updated_at": "2026-01-17T17:45:25.021Z",
    "permissions": [
      32,
      33,
      34,
      36,
      37,
      38,
      39,
      40,
      42,
      43,
      44,
      47,
      48,
      49,
      50,
      52,
      54,
      56,
      58,
      60,
      61,
      62,
      64,
      66,
      68,
      69,
      70,
      72,
      73,
      74,
      79,
      87,
      89
    ],
    "users": []
  }
},
{
  "model": "hr_management.role",
  "pk": 4,
  "fields": {
    "name": "运维审计",
    "code": "auditor",
    "description": "只读审计权限，可查看日志和敏感报表",
    "is_system": false,
    "created_at": "2025-10-29T07:01:25.532Z",
    "updated_at": "2026-01-17T19:06:20.891Z",
    "permissions": [
      2,
      22,
      23
    ],
    "users": [
      8
    ]
  }
},
{
  "model": "hr_management.role",
  "pk": 5,
  "fields": {
    "name": "普通员工",
    "code": "employees",
    "description": "员工自助权限，可查看个人信息和申请请假",
    "is_system": false,
    "created_at": "2025-10-29T12:06:36.336Z",
    "updated_at": "2026-01-17T18:57:28.681Z",
    "permissions": [
      4,
      12,
      15,
      16
    ],
    "users": [
      11,
      13
    ]
  }
},
{
  "model": "hr_management.role",
  "pk": 6,
  "fields": {
    "name": "人事专员",
    "code": "hr_staff",
    "description": "人事基础操作权限，不含薪资发放和敏感数据",
    "is_system": false,
    "created_at": "2025-12-30T07:33:30.184Z",
    "updated_at": "2025-12-30T08:05:39.593Z",
    "permissions": [
      4,
      5,
      7,
      8,
      10,
      12,
      13,
      15,
      17,
      18,
      22
    ],
    "users": []
  }
},
{
  "model": "hr_management.role",
  "pk": 7,
  "fields": {
    "name": "部门主管",
    "code": "dept_manager",
    "description": "部门管理权限，可审批本部门请假",
    "is_system": false,
    "created_at": "2025-12-30T07:33:30.185Z",
    "updated_at": "2025-12-30T08:05:39.593Z",
    "permissions": [
      4,
      8,
      12,
      15,
      17,
      22
    ],
    "users": []
  }
},
{
  "model": "hr_management.role",
  "pk": 8,
  "fields": {
    "name": "部门经理",
    "code": "department_manager",
    "description": "管理本部门员工的考勤、请假等事务",
    "is_system": false,
    "created_at": "2026-01-17T17:31:31.067Z",
    "updated_at": "2026-01-17T17:45:25.028Z",
    "permissions": [
      32,
      38,
      42,
      47,
      49,
      52,
      54,
      56,
      58,
      66,
      68,
      69,
      70,
      73,
      87,
      89
    ],
    "users": []
  }
},
{
  "model": "hr_management.businesstrip",
  "pk": 1,
  "fields": {
    "employee": 8,
    "destination": "内江",
    "trip_type": "domestic",
    "start_date": "2026-01-20",
    "end_date": "2026-01-21",
    "days": 2,
    "reason": "测试",
    "remarks": "",
    "status": "approved",
    "approved_by": 1,
    "approved_at": "2026-01-17T02:39:39.676Z",
    "comments": "",
    "created_at": "2026-01-16T21:30:41.956Z",
    "updated_at": "2026-01-17T02:39:39.676Z"
  }
},
{
  "model": "hr_management.businesstrip",
  "pk": 2,
  "fields": {
    "employee": 8,
    "destination": "北京",
    "trip_type": "domestic",
    "start_date": "2026-01-28",
    "end_date": "2026-01-29",
    "days": 2,
    "reason": "去总部",
    "remarks": "",
    "status": "pending",
    "approved_by": null,
    "approved_at": null,
    "comments": "",
    "created_at": "2026-01-17T02:39:28.631Z",
    "updated_at": "2026-01-17T02:39:28.631Z"
  }
},
{
  "model": "hr_management.verificationcode",
  "pk": 1,
  "fields": {
    "phone": "18111472007",
    "code": "650045",
    "code_type": "reset_password",
    "is_used": true,
    "created_at": "2025-10-29T11:48:11.451Z",
    "expires_at": "2025-10-29T11:53:11.450Z"
  }
},
{
  "model": "hr_management.verificationcode",
  "pk": 2,
  "fields": {
    "phone": "18111472007",
    "code": "981224",
    "code_type": "reset_password",
    "is_used": true,
    "created_at": "2025-10-29T11:53:37.136Z",
    "expires_at": "2025-10-29T11:58:37.136Z"
  }
},
{
  "model": "hr_management.verificationcode",
  "pk": 3,
  "fields": {
    "phone": "18111472007",
    "code": "298015",
    "code_type": "reset_password",
    "is_used": true,
    "created_at": "2025-12-02T13:44:45.568Z",
    "expires_at": "2025-12-02T13:49:45.567Z"
  }
},
{
  "model": "hr_management.verificationcode",
  "pk": 4,
  "fields": {
    "phone": "18111472007",
    "code": "414120",
    "code_type": "reset_password",
    "is_used": true,
    "created_at": "2025-12-02T13:47:33.917Z",
    "expires_at": "2025-12-02T13:52:33.917Z"
  }
},
{
  "model": "hr_management.verificationcode",
  "pk": 5,
  "fields": {
    "phone": "18111472007",
    "code": "213568",
    "code_type": "reset_password",
    "is_used": true,
    "created_at": "2025-12-06T07:57:04.022Z",
    "expires_at": "2025-12-06T08:02:04.022Z"
  }
},
{
  "model": "hr_management.verificationcode",
  "pk": 6,
  "fields": {
    "phone": "18111472007",
    "code": "581972",
    "code_type": "reset_password",
    "is_used": true,
    "created_at": "2025-12-06T08:14:19.614Z",
    "expires_at": "2025-12-06T08:19:19.614Z"
  }
},
{
  "model": "hr_management.verificationcode",
  "pk": 7,
  "fields": {
    "phone": "18111472007",
    "code": "013875",
    "code_type": "reset_password",
    "is_used": true,
    "created_at": "2025-12-06T08:16:34.972Z",
    "expires_at": "2025-12-06T08:21:34.972Z"
  }
},
{
  "model": "hr_management.verificationcode",
  "pk": 8,
  "fields": {
    "phone": "18111472007",
    "code": "299915",
    "code_type": "reset_password",
    "is_used": true,
    "created_at": "2025-12-06T08:17:39.104Z",
    "expires_at": "2025-12-06T08:22:39.104Z"
  }
},
{
  "model": "hr_management.verificationcode",
  "pk": 9,
  "fields": {
    "phone": "18111472007",
    "code": "131021",
    "code_type": "reset_password",
    "is_used": true,
    "created_at": "2025-12-06T08:49:27.080Z",
    "expires_at": "2025-12-06T08:54:27.080Z"
  }
},
{
  "model": "hr_management.checkinlocation",
  "pk": 1,
  "fields": {
    "name": "内江师范学院高桥校区三食堂",
    "address": "内江师范学院高桥校区",
    "latitude": "29.6223210",
    "longitude": "105.0994390",
    "radius": 500,
    "is_active": false,
    "is_default": false,
    "created_at": "2026-01-17T14:53:19.776Z",
    "updated_at": "2026-01-17T15:29:42.393Z"
  }
},
{
  "model": "hr_management.travelexpense",
  "pk": 1,
  "fields": {
    "employee": 8,
    "expense_type": "transport",
    "amount": "100.00",
    "business_trip": 1,
    "description": "车票",
    "invoice": "invoices/李鹏飞_运维工程师简历_.pdf",
    "remarks": "",
    "status": "paid",
    "approved_by": 1,
    "approved_at": "2026-01-17T03:35:34.676Z",
    "comments": "",
    "paid_at": "2026-01-17T03:35:42.863Z",
    "created_at": "2026-01-17T02:44:05.130Z",
    "updated_at": "2026-01-17T03:35:42.863Z"
  }
}
]
